onset	duration	sample	value	trial_type	HED
726.384000	0.000000	3.632020e+04	crash_start	collision	Event, Sensory-event, Environmental-sound, Description/Tire-blowout-sound, Visual-presentation, Virtual-world, Description/Collision-driving-scene
733.392000	0.000000	3.667060e+04	tire_pop	collision	Event, Sensory-event, Environmental-sound, Description/Tire-blowout-sound, Visual-presentation, Virtual-world, Description/Collision-driving-scene
736.896000	0.000000	3.684580e+04	no_crash_start	no_collision	Event, Experiment-structure, Description/Start of a no-collision driving-scene trial
743.904000	0.000000	3.719620e+04	no_tire_pop	no_collision	Event, Sensory-event, Visual-presentation, Virtual-world, Description/Time-matched control point of a no-collision driving-scene trial
749.904000	0.000000	3.749620e+04	crash_start	collision	Event, Sensory-event, Environmental-sound, Description/Tire-blowout-sound, Visual-presentation, Virtual-world, Description/Collision-driving-scene
756.960000	0.000000	37849	tire_pop	collision	Event, Sensory-event, Environmental-sound, Description/Tire-blowout-sound, Visual-presentation, Virtual-world, Description/Collision-driving-scene
760.416000	0.000000	3.802180e+04	crash_start	collision	Event, Sensory-event, Environmental-sound, Description/Tire-blowout-sound, Visual-presentation, Virtual-world, Description/Collision-driving-scene
767.472000	0.000000	3.837460e+04	tire_pop	collision	Event, Sensory-event, Environmental-sound, Description/Tire-blowout-sound, Visual-presentation, Virtual-world, Description/Collision-driving-scene
770.928000	0.000000	3.854740e+04	crash_start	collision	Event, Sensory-event, Environmental-sound, Description/Tire-blowout-sound, Visual-presentation, Virtual-world, Description/Collision-driving-scene
777.984000	0.000000	3.890020e+04	tire_pop	collision	Event, Sensory-event, Environmental-sound, Description/Tire-blowout-sound, Visual-presentation, Virtual-world, Description/Collision-driving-scene
781.440000	0.000000	39073	crash_start	collision	Event, Sensory-event, Environmental-sound, Description/Tire-blowout-sound, Visual-presentation, Virtual-world, Description/Collision-driving-scene
788.448000	0.000000	3.942340e+04	tire_pop	collision	Event, Sensory-event, Environmental-sound, Description/Tire-blowout-sound, Visual-presentation, Virtual-world, Description/Collision-driving-scene
791.952000	0.000000	3.959860e+04	no_crash_start	no_collision	Event, Experiment-structure, Description/Start of a no-collision driving-scene trial
799.008000	0.000000	3.995140e+04	no_tire_pop	no_collision	Event, Sensory-event, Visual-presentation, Virtual-world, Description/Time-matched control point of a no-collision driving-scene trial
805.008000	0.000000	4.025140e+04	no_crash_start	no_collision	Event, Experiment-structure, Description/Start of a no-collision driving-scene trial
812.016000	0.000000	4.060180e+04	no_tire_pop	no_collision	Event, Sensory-event, Visual-presentation, Virtual-world, Description/Time-matched control point of a no-collision driving-scene trial
818.016000	0.000000	4.090180e+04	crash_start	collision	Event, Sensory-event, Environmental-sound, Description/Tire-blowout-sound, Visual-presentation, Virtual-world, Description/Collision-driving-scene
825.024000	0.000000	4.125220e+04	tire_pop	collision	Event, Sensory-event, Environmental-sound, Description/Tire-blowout-sound, Visual-presentation, Virtual-world, Description/Collision-driving-scene
828.528000	0.000000	4.142740e+04	no_crash_start	no_collision	Event, Experiment-structure, Description/Start of a no-collision driving-scene trial
835.536000	0.000000	4.177780e+04	no_tire_pop	no_collision	Event, Sensory-event, Visual-presentation, Virtual-world, Description/Time-matched control point of a no-collision driving-scene trial
841.536000	0.000000	4.207780e+04	crash_start	collision	Event, Sensory-event, Environmental-sound, Description/Tire-blowout-sound, Visual-presentation, Virtual-world, Description/Collision-driving-scene
848.544000	0.000000	4.242820e+04	tire_pop	collision	Event, Sensory-event, Environmental-sound, Description/Tire-blowout-sound, Visual-presentation, Virtual-world, Description/Collision-driving-scene
852.048000	0.000000	4.260340e+04	crash_start	collision	Event, Sensory-event, Environmental-sound, Description/Tire-blowout-sound, Visual-presentation, Virtual-world, Description/Collision-driving-scene
859.056000	0.000000	4.295380e+04	tire_pop	collision	Event, Sensory-event, Environmental-sound, Description/Tire-blowout-sound, Visual-presentation, Virtual-world, Description/Collision-driving-scene
862.560000	0.000000	43129	crash_start	collision	Event, Sensory-event, Environmental-sound, Description/Tire-blowout-sound, Visual-presentation, Virtual-world, Description/Collision-driving-scene
869.568000	0.000000	4.347940e+04	tire_pop	collision	Event, Sensory-event, Environmental-sound, Description/Tire-blowout-sound, Visual-presentation, Virtual-world, Description/Collision-driving-scene
873.072000	0.000000	4.365460e+04	crash_start	collision	Event, Sensory-event, Environmental-sound, Description/Tire-blowout-sound, Visual-presentation, Virtual-world, Description/Collision-driving-scene
880.080000	0.000000	44005	tire_pop	collision	Event, Sensory-event, Environmental-sound, Description/Tire-blowout-sound, Visual-presentation, Virtual-world, Description/Collision-driving-scene
883.584000	0.000000	4.418020e+04	no_crash_start	no_collision	Event, Experiment-structure, Description/Start of a no-collision driving-scene trial
890.592000	0.000000	4.453060e+04	no_tire_pop	no_collision	Event, Sensory-event, Visual-presentation, Virtual-world, Description/Time-matched control point of a no-collision driving-scene trial
896.592000	0.000000	4.483060e+04	no_crash_start	no_collision	Event, Experiment-structure, Description/Start of a no-collision driving-scene trial
903.648000	0.000000	4.518340e+04	no_tire_pop	no_collision	Event, Sensory-event, Visual-presentation, Virtual-world, Description/Time-matched control point of a no-collision driving-scene trial
909.648000	0.000000	4.548340e+04	no_crash_start	no_collision	Event, Experiment-structure, Description/Start of a no-collision driving-scene trial
916.656000	0.000000	4.583380e+04	no_tire_pop	no_collision	Event, Sensory-event, Visual-presentation, Virtual-world, Description/Time-matched control point of a no-collision driving-scene trial
922.656000	0.000000	4.613380e+04	crash_start	collision	Event, Sensory-event, Environmental-sound, Description/Tire-blowout-sound, Visual-presentation, Virtual-world, Description/Collision-driving-scene
929.664000	0.000000	4.648420e+04	tire_pop	collision	Event, Sensory-event, Environmental-sound, Description/Tire-blowout-sound, Visual-presentation, Virtual-world, Description/Collision-driving-scene
933.168000	0.000000	4.665940e+04	no_crash_start	no_collision	Event, Experiment-structure, Description/Start of a no-collision driving-scene trial
940.176000	0.000000	4.700980e+04	no_tire_pop	no_collision	Event, Sensory-event, Visual-presentation, Virtual-world, Description/Time-matched control point of a no-collision driving-scene trial
946.176000	0.000000	4.730980e+04	crash_start	collision	Event, Sensory-event, Environmental-sound, Description/Tire-blowout-sound, Visual-presentation, Virtual-world, Description/Collision-driving-scene
953.204000	0.000000	4.766120e+04	tire_pop	collision	Event, Sensory-event, Environmental-sound, Description/Tire-blowout-sound, Visual-presentation, Virtual-world, Description/Collision-driving-scene
956.688000	0.000000	4.783540e+04	no_crash_start	no_collision	Event, Experiment-structure, Description/Start of a no-collision driving-scene trial
963.744000	0.000000	4.818820e+04	no_tire_pop	no_collision	Event, Sensory-event, Visual-presentation, Virtual-world, Description/Time-matched control point of a no-collision driving-scene trial
969.744000	0.000000	4.848820e+04	no_crash_start	no_collision	Event, Experiment-structure, Description/Start of a no-collision driving-scene trial
976.752000	0.000000	4.883860e+04	no_tire_pop	no_collision	Event, Sensory-event, Visual-presentation, Virtual-world, Description/Time-matched control point of a no-collision driving-scene trial
982.752000	0.000000	4.913860e+04	crash_start	collision	Event, Sensory-event, Environmental-sound, Description/Tire-blowout-sound, Visual-presentation, Virtual-world, Description/Collision-driving-scene
989.760000	0.000000	49489	tire_pop	collision	Event, Sensory-event, Environmental-sound, Description/Tire-blowout-sound, Visual-presentation, Virtual-world, Description/Collision-driving-scene
993.264000	0.000000	4.966420e+04	no_crash_start	no_collision	Event, Experiment-structure, Description/Start of a no-collision driving-scene trial
1000.272000	0.000000	5.001460e+04	no_tire_pop	no_collision	Event, Sensory-event, Visual-presentation, Virtual-world, Description/Time-matched control point of a no-collision driving-scene trial
1006.272000	0.000000	5.031460e+04	no_crash_start	no_collision	Event, Experiment-structure, Description/Start of a no-collision driving-scene trial
1013.280000	0.000000	50665	no_tire_pop	no_collision	Event, Sensory-event, Visual-presentation, Virtual-world, Description/Time-matched control point of a no-collision driving-scene trial
1019.280000	0.000000	50965	crash_start	collision	Event, Sensory-event, Environmental-sound, Description/Tire-blowout-sound, Visual-presentation, Virtual-world, Description/Collision-driving-scene
1026.288000	0.000000	5.131540e+04	tire_pop	collision	Event, Sensory-event, Environmental-sound, Description/Tire-blowout-sound, Visual-presentation, Virtual-world, Description/Collision-driving-scene
1029.792000	0.000000	5.149060e+04	crash_start	collision	Event, Sensory-event, Environmental-sound, Description/Tire-blowout-sound, Visual-presentation, Virtual-world, Description/Collision-driving-scene
1036.800000	0.000000	51841	tire_pop	collision	Event, Sensory-event, Environmental-sound, Description/Tire-blowout-sound, Visual-presentation, Virtual-world, Description/Collision-driving-scene
1040.304000	0.000000	5.201620e+04	no_crash_start	no_collision	Event, Experiment-structure, Description/Start of a no-collision driving-scene trial
1047.312000	0.000000	5.236660e+04	no_tire_pop	no_collision	Event, Sensory-event, Visual-presentation, Virtual-world, Description/Time-matched control point of a no-collision driving-scene trial
1053.312000	0.000000	5.266660e+04	crash_start	collision	Event, Sensory-event, Environmental-sound, Description/Tire-blowout-sound, Visual-presentation, Virtual-world, Description/Collision-driving-scene
1060.368000	0.000000	5.301940e+04	tire_pop	collision	Event, Sensory-event, Environmental-sound, Description/Tire-blowout-sound, Visual-presentation, Virtual-world, Description/Collision-driving-scene
1063.824000	0.000000	5.319220e+04	no_crash_start	no_collision	Event, Experiment-structure, Description/Start of a no-collision driving-scene trial
1070.832000	0.000000	5.354260e+04	no_tire_pop	no_collision	Event, Sensory-event, Visual-presentation, Virtual-world, Description/Time-matched control point of a no-collision driving-scene trial
1076.832000	0.000000	5.384260e+04	crash_start	collision	Event, Sensory-event, Environmental-sound, Description/Tire-blowout-sound, Visual-presentation, Virtual-world, Description/Collision-driving-scene
1083.840000	0.000000	54193	tire_pop	collision	Event, Sensory-event, Environmental-sound, Description/Tire-blowout-sound, Visual-presentation, Virtual-world, Description/Collision-driving-scene
1087.344000	0.000000	5.436820e+04	crash_start	collision	Event, Sensory-event, Environmental-sound, Description/Tire-blowout-sound, Visual-presentation, Virtual-world, Description/Collision-driving-scene
1094.400000	0.000000	54721	tire_pop	collision	Event, Sensory-event, Environmental-sound, Description/Tire-blowout-sound, Visual-presentation, Virtual-world, Description/Collision-driving-scene
1097.856000	0.000000	5.489380e+04	no_crash_start	no_collision	Event, Experiment-structure, Description/Start of a no-collision driving-scene trial
1104.912000	0.000000	5.524660e+04	no_tire_pop	no_collision	Event, Sensory-event, Visual-presentation, Virtual-world, Description/Time-matched control point of a no-collision driving-scene trial
1110.912000	0.000000	5.554660e+04	no_crash_start	no_collision	Event, Experiment-structure, Description/Start of a no-collision driving-scene trial
1117.920000	0.000000	55897	no_tire_pop	no_collision	Event, Sensory-event, Visual-presentation, Virtual-world, Description/Time-matched control point of a no-collision driving-scene trial
1123.920000	0.000000	56197	crash_start	collision	Event, Sensory-event, Environmental-sound, Description/Tire-blowout-sound, Visual-presentation, Virtual-world, Description/Collision-driving-scene
1130.928000	0.000000	5.654740e+04	tire_pop	collision	Event, Sensory-event, Environmental-sound, Description/Tire-blowout-sound, Visual-presentation, Virtual-world, Description/Collision-driving-scene
1134.432000	0.000000	5.672260e+04	crash_start	collision	Event, Sensory-event, Environmental-sound, Description/Tire-blowout-sound, Visual-presentation, Virtual-world, Description/Collision-driving-scene
1141.440000	0.000000	57073	tire_pop	collision	Event, Sensory-event, Environmental-sound, Description/Tire-blowout-sound, Visual-presentation, Virtual-world, Description/Collision-driving-scene
1144.896000	0.000000	5.724580e+04	crash_start	collision	Event, Sensory-event, Environmental-sound, Description/Tire-blowout-sound, Visual-presentation, Virtual-world, Description/Collision-driving-scene
1151.952000	0.000000	5.759860e+04	tire_pop	collision	Event, Sensory-event, Environmental-sound, Description/Tire-blowout-sound, Visual-presentation, Virtual-world, Description/Collision-driving-scene
1155.456000	0.000000	5.777380e+04	crash_start	collision	Event, Sensory-event, Environmental-sound, Description/Tire-blowout-sound, Visual-presentation, Virtual-world, Description/Collision-driving-scene
1162.464000	0.000000	5.812420e+04	tire_pop	collision	Event, Sensory-event, Environmental-sound, Description/Tire-blowout-sound, Visual-presentation, Virtual-world, Description/Collision-driving-scene
1165.968000	0.000000	5.829940e+04	no_crash_start	no_collision	Event, Experiment-structure, Description/Start of a no-collision driving-scene trial
1172.976000	0.000000	5.864980e+04	no_tire_pop	no_collision	Event, Sensory-event, Visual-presentation, Virtual-world, Description/Time-matched control point of a no-collision driving-scene trial
1179.024000	0.000000	5.895220e+04	no_crash_start	no_collision	Event, Experiment-structure, Description/Start of a no-collision driving-scene trial
1186.032000	0.000000	5.930260e+04	no_tire_pop	no_collision	Event, Sensory-event, Visual-presentation, Virtual-world, Description/Time-matched control point of a no-collision driving-scene trial
1192.032000	0.000000	5.960260e+04	no_crash_start	no_collision	Event, Experiment-structure, Description/Start of a no-collision driving-scene trial
1199.040000	0.000000	59953	no_tire_pop	no_collision	Event, Sensory-event, Visual-presentation, Virtual-world, Description/Time-matched control point of a no-collision driving-scene trial
1205.040000	0.000000	60253	crash_start	collision	Event, Sensory-event, Environmental-sound, Description/Tire-blowout-sound, Visual-presentation, Virtual-world, Description/Collision-driving-scene
1212.048000	0.000000	6.060340e+04	tire_pop	collision	Event, Sensory-event, Environmental-sound, Description/Tire-blowout-sound, Visual-presentation, Virtual-world, Description/Collision-driving-scene
1215.552000	0.000000	6.077860e+04	crash_start	collision	Event, Sensory-event, Environmental-sound, Description/Tire-blowout-sound, Visual-presentation, Virtual-world, Description/Collision-driving-scene
1222.560000	0.000000	61129	tire_pop	collision	Event, Sensory-event, Environmental-sound, Description/Tire-blowout-sound, Visual-presentation, Virtual-world, Description/Collision-driving-scene
1226.064000	0.000000	6.130420e+04	crash_start	collision	Event, Sensory-event, Environmental-sound, Description/Tire-blowout-sound, Visual-presentation, Virtual-world, Description/Collision-driving-scene
1233.072000	0.000000	6.165460e+04	tire_pop	collision	Event, Sensory-event, Environmental-sound, Description/Tire-blowout-sound, Visual-presentation, Virtual-world, Description/Collision-driving-scene
1236.576000	0.000000	6.182980e+04	crash_start	collision	Event, Sensory-event, Environmental-sound, Description/Tire-blowout-sound, Visual-presentation, Virtual-world, Description/Collision-driving-scene
1243.584000	0.000000	6.218020e+04	tire_pop	collision	Event, Sensory-event, Environmental-sound, Description/Tire-blowout-sound, Visual-presentation, Virtual-world, Description/Collision-driving-scene
1247.040000	0.000000	62353	no_crash_start	no_collision	Event, Experiment-structure, Description/Start of a no-collision driving-scene trial
1254.072000	0.000000	6.270460e+04	no_tire_pop	no_collision	Event, Sensory-event, Visual-presentation, Virtual-world, Description/Time-matched control point of a no-collision driving-scene trial
1260.096000	0.000000	6.300580e+04	crash_start	collision	Event, Sensory-event, Environmental-sound, Description/Tire-blowout-sound, Visual-presentation, Virtual-world, Description/Collision-driving-scene
1267.104000	0.000000	6.335620e+04	tire_pop	collision	Event, Sensory-event, Environmental-sound, Description/Tire-blowout-sound, Visual-presentation, Virtual-world, Description/Collision-driving-scene
1270.608000	0.000000	6.353140e+04	no_crash_start	no_collision	Event, Experiment-structure, Description/Start of a no-collision driving-scene trial
1277.616000	0.000000	6.388180e+04	no_tire_pop	no_collision	Event, Sensory-event, Visual-presentation, Virtual-world, Description/Time-matched control point of a no-collision driving-scene trial
1283.616000	0.000000	6.418180e+04	crash_start	collision	Event, Sensory-event, Environmental-sound, Description/Tire-blowout-sound, Visual-presentation, Virtual-world, Description/Collision-driving-scene
1290.624000	0.000000	6.453220e+04	tire_pop	collision	Event, Sensory-event, Environmental-sound, Description/Tire-blowout-sound, Visual-presentation, Virtual-world, Description/Collision-driving-scene
1294.080000	0.000000	64705	crash_start	collision	Event, Sensory-event, Environmental-sound, Description/Tire-blowout-sound, Visual-presentation, Virtual-world, Description/Collision-driving-scene
1301.136000	0.000000	6.505780e+04	tire_pop	collision	Event, Sensory-event, Environmental-sound, Description/Tire-blowout-sound, Visual-presentation, Virtual-world, Description/Collision-driving-scene
1304.640000	0.000000	65233	no_crash_start	no_collision	Event, Experiment-structure, Description/Start of a no-collision driving-scene trial
1311.648000	0.000000	6.558340e+04	no_tire_pop	no_collision	Event, Sensory-event, Visual-presentation, Virtual-world, Description/Time-matched control point of a no-collision driving-scene trial
1317.648000	0.000000	6.588340e+04	no_crash_start	no_collision	Event, Experiment-structure, Description/Start of a no-collision driving-scene trial
1324.656000	0.000000	6.623380e+04	no_tire_pop	no_collision	Event, Sensory-event, Visual-presentation, Virtual-world, Description/Time-matched control point of a no-collision driving-scene trial
1330.656000	0.000000	6.653380e+04	crash_start	collision	Event, Sensory-event, Environmental-sound, Description/Tire-blowout-sound, Visual-presentation, Virtual-world, Description/Collision-driving-scene
1337.664000	0.000000	6.688420e+04	tire_pop	collision	Event, Sensory-event, Environmental-sound, Description/Tire-blowout-sound, Visual-presentation, Virtual-world, Description/Collision-driving-scene
1341.168000	0.000000	6.705940e+04	no_crash_start	no_collision	Event, Experiment-structure, Description/Start of a no-collision driving-scene trial
1348.176000	0.000000	6.740980e+04	no_tire_pop	no_collision	Event, Sensory-event, Visual-presentation, Virtual-world, Description/Time-matched control point of a no-collision driving-scene trial
1354.224000	0.000000	6.771220e+04	crash_start	collision	Event, Sensory-event, Environmental-sound, Description/Tire-blowout-sound, Visual-presentation, Virtual-world, Description/Collision-driving-scene
1361.232000	0.000000	6.806260e+04	tire_pop	collision	Event, Sensory-event, Environmental-sound, Description/Tire-blowout-sound, Visual-presentation, Virtual-world, Description/Collision-driving-scene
1364.688000	0.000000	6.823540e+04	no_crash_start	no_collision	Event, Experiment-structure, Description/Start of a no-collision driving-scene trial
1371.744000	0.000000	6.858820e+04	no_tire_pop	no_collision	Event, Sensory-event, Visual-presentation, Virtual-world, Description/Time-matched control point of a no-collision driving-scene trial
1377.744000	0.000000	6.888820e+04	crash_start	collision	Event, Sensory-event, Environmental-sound, Description/Tire-blowout-sound, Visual-presentation, Virtual-world, Description/Collision-driving-scene
1384.752000	0.000000	6.923860e+04	tire_pop	collision	Event, Sensory-event, Environmental-sound, Description/Tire-blowout-sound, Visual-presentation, Virtual-world, Description/Collision-driving-scene
1388.256000	0.000000	6.941380e+04	crash_start	collision	Event, Sensory-event, Environmental-sound, Description/Tire-blowout-sound, Visual-presentation, Virtual-world, Description/Collision-driving-scene
1395.264000	0.000000	6.976420e+04	tire_pop	collision	Event, Sensory-event, Environmental-sound, Description/Tire-blowout-sound, Visual-presentation, Virtual-world, Description/Collision-driving-scene
1398.768000	0.000000	6.993940e+04	crash_start	collision	Event, Sensory-event, Environmental-sound, Description/Tire-blowout-sound, Visual-presentation, Virtual-world, Description/Collision-driving-scene
1405.776000	0.000000	7.028980e+04	tire_pop	collision	Event, Sensory-event, Environmental-sound, Description/Tire-blowout-sound, Visual-presentation, Virtual-world, Description/Collision-driving-scene
1409.280000	0.000000	70465	no_crash_start	no_collision	Event, Experiment-structure, Description/Start of a no-collision driving-scene trial
1416.288000	0.000000	7.081540e+04	no_tire_pop	no_collision	Event, Sensory-event, Visual-presentation, Virtual-world, Description/Time-matched control point of a no-collision driving-scene trial
1422.336000	0.000000	7.111780e+04	crash_start	collision	Event, Sensory-event, Environmental-sound, Description/Tire-blowout-sound, Visual-presentation, Virtual-world, Description/Collision-driving-scene
1429.344000	0.000000	7.146820e+04	tire_pop	collision	Event, Sensory-event, Environmental-sound, Description/Tire-blowout-sound, Visual-presentation, Virtual-world, Description/Collision-driving-scene
1432.848000	0.000000	7.164340e+04	crash_start	collision	Event, Sensory-event, Environmental-sound, Description/Tire-blowout-sound, Visual-presentation, Virtual-world, Description/Collision-driving-scene
1439.856000	0.000000	7.199380e+04	tire_pop	collision	Event, Sensory-event, Environmental-sound, Description/Tire-blowout-sound, Visual-presentation, Virtual-world, Description/Collision-driving-scene
1443.360000	0.000000	72169	crash_start	collision	Event, Sensory-event, Environmental-sound, Description/Tire-blowout-sound, Visual-presentation, Virtual-world, Description/Collision-driving-scene
1450.368000	0.000000	7.251940e+04	tire_pop	collision	Event, Sensory-event, Environmental-sound, Description/Tire-blowout-sound, Visual-presentation, Virtual-world, Description/Collision-driving-scene
1453.872000	0.000000	7.269460e+04	crash_start	collision	Event, Sensory-event, Environmental-sound, Description/Tire-blowout-sound, Visual-presentation, Virtual-world, Description/Collision-driving-scene
1460.880000	0.000000	73045	tire_pop	collision	Event, Sensory-event, Environmental-sound, Description/Tire-blowout-sound, Visual-presentation, Virtual-world, Description/Collision-driving-scene
1464.384000	0.000000	7.322020e+04	crash_start	collision	Event, Sensory-event, Environmental-sound, Description/Tire-blowout-sound, Visual-presentation, Virtual-world, Description/Collision-driving-scene
1471.392000	0.000000	7.357060e+04	tire_pop	collision	Event, Sensory-event, Environmental-sound, Description/Tire-blowout-sound, Visual-presentation, Virtual-world, Description/Collision-driving-scene
1474.896000	0.000000	7.374580e+04	crash_start	collision	Event, Sensory-event, Environmental-sound, Description/Tire-blowout-sound, Visual-presentation, Virtual-world, Description/Collision-driving-scene
1481.904000	0.000000	7.409620e+04	tire_pop	collision	Event, Sensory-event, Environmental-sound, Description/Tire-blowout-sound, Visual-presentation, Virtual-world, Description/Collision-driving-scene
1485.408000	0.000000	7.427140e+04	crash_start	collision	Event, Sensory-event, Environmental-sound, Description/Tire-blowout-sound, Visual-presentation, Virtual-world, Description/Collision-driving-scene
1492.416000	0.000000	7.462180e+04	tire_pop	collision	Event, Sensory-event, Environmental-sound, Description/Tire-blowout-sound, Visual-presentation, Virtual-world, Description/Collision-driving-scene
1495.920000	0.000000	74797	crash_start	collision	Event, Sensory-event, Environmental-sound, Description/Tire-blowout-sound, Visual-presentation, Virtual-world, Description/Collision-driving-scene
1502.928000	0.000000	7.514740e+04	tire_pop	collision	Event, Sensory-event, Environmental-sound, Description/Tire-blowout-sound, Visual-presentation, Virtual-world, Description/Collision-driving-scene
1506.432000	0.000000	7.532260e+04	crash_start	collision	Event, Sensory-event, Environmental-sound, Description/Tire-blowout-sound, Visual-presentation, Virtual-world, Description/Collision-driving-scene
1513.440000	0.000000	75673	tire_pop	collision	Event, Sensory-event, Environmental-sound, Description/Tire-blowout-sound, Visual-presentation, Virtual-world, Description/Collision-driving-scene
1516.944000	0.000000	7.584820e+04	no_crash_start	no_collision	Event, Experiment-structure, Description/Start of a no-collision driving-scene trial
1523.952000	0.000000	7.619860e+04	no_tire_pop	no_collision	Event, Sensory-event, Visual-presentation, Virtual-world, Description/Time-matched control point of a no-collision driving-scene trial
1529.952000	0.000000	7.649860e+04	no_crash_start	no_collision	Event, Experiment-structure, Description/Start of a no-collision driving-scene trial
1537.008000	0.000000	7.685140e+04	no_tire_pop	no_collision	Event, Sensory-event, Visual-presentation, Virtual-world, Description/Time-matched control point of a no-collision driving-scene trial
1543.008000	0.000000	7.715140e+04	no_crash_start	no_collision	Event, Experiment-structure, Description/Start of a no-collision driving-scene trial
1550.016000	0.000000	7.750180e+04	no_tire_pop	no_collision	Event, Sensory-event, Visual-presentation, Virtual-world, Description/Time-matched control point of a no-collision driving-scene trial
1556.016000	0.000000	7.780180e+04	crash_start	collision	Event, Sensory-event, Environmental-sound, Description/Tire-blowout-sound, Visual-presentation, Virtual-world, Description/Collision-driving-scene
1563.024000	0.000000	7.815220e+04	tire_pop	collision	Event, Sensory-event, Environmental-sound, Description/Tire-blowout-sound, Visual-presentation, Virtual-world, Description/Collision-driving-scene
1566.528000	0.000000	7.832740e+04	crash_start	collision	Event, Sensory-event, Environmental-sound, Description/Tire-blowout-sound, Visual-presentation, Virtual-world, Description/Collision-driving-scene
1573.536000	0.000000	7.867780e+04	tire_pop	collision	Event, Sensory-event, Environmental-sound, Description/Tire-blowout-sound, Visual-presentation, Virtual-world, Description/Collision-driving-scene
1577.040000	0.000000	78853	crash_start	collision	Event, Sensory-event, Environmental-sound, Description/Tire-blowout-sound, Visual-presentation, Virtual-world, Description/Collision-driving-scene
1584.048000	0.000000	7.920340e+04	tire_pop	collision	Event, Sensory-event, Environmental-sound, Description/Tire-blowout-sound, Visual-presentation, Virtual-world, Description/Collision-driving-scene
1587.532000	0.000000	7.937760e+04	crash_start	collision	Event, Sensory-event, Environmental-sound, Description/Tire-blowout-sound, Visual-presentation, Virtual-world, Description/Collision-driving-scene
1594.560000	0.000000	79729	tire_pop	collision	Event, Sensory-event, Environmental-sound, Description/Tire-blowout-sound, Visual-presentation, Virtual-world, Description/Collision-driving-scene
1598.064000	0.000000	7.990420e+04	crash_start	collision	Event, Sensory-event, Environmental-sound, Description/Tire-blowout-sound, Visual-presentation, Virtual-world, Description/Collision-driving-scene
1605.072000	0.000000	8.025460e+04	tire_pop	collision	Event, Sensory-event, Environmental-sound, Description/Tire-blowout-sound, Visual-presentation, Virtual-world, Description/Collision-driving-scene
1608.576000	0.000000	8.042980e+04	no_crash_start	no_collision	Event, Experiment-structure, Description/Start of a no-collision driving-scene trial
1615.584000	0.000000	8.078020e+04	no_tire_pop	no_collision	Event, Sensory-event, Visual-presentation, Virtual-world, Description/Time-matched control point of a no-collision driving-scene trial
1621.584000	0.000000	8.108020e+04	crash_start	collision	Event, Sensory-event, Environmental-sound, Description/Tire-blowout-sound, Visual-presentation, Virtual-world, Description/Collision-driving-scene
1628.592000	0.000000	8.143060e+04	tire_pop	collision	Event, Sensory-event, Environmental-sound, Description/Tire-blowout-sound, Visual-presentation, Virtual-world, Description/Collision-driving-scene
1632.096000	0.000000	8.160580e+04	crash_start	collision	Event, Sensory-event, Environmental-sound, Description/Tire-blowout-sound, Visual-presentation, Virtual-world, Description/Collision-driving-scene
1639.104000	0.000000	8.195620e+04	tire_pop	collision	Event, Sensory-event, Environmental-sound, Description/Tire-blowout-sound, Visual-presentation, Virtual-world, Description/Collision-driving-scene
1642.608000	0.000000	8.213140e+04	no_crash_start	no_collision	Event, Experiment-structure, Description/Start of a no-collision driving-scene trial
1649.616000	0.000000	8.248180e+04	no_tire_pop	no_collision	Event, Sensory-event, Visual-presentation, Virtual-world, Description/Time-matched control point of a no-collision driving-scene trial
1655.616000	0.000000	8.278180e+04	no_crash_start	no_collision	Event, Experiment-structure, Description/Start of a no-collision driving-scene trial
1662.624000	0.000000	8.313220e+04	no_tire_pop	no_collision	Event, Sensory-event, Visual-presentation, Virtual-world, Description/Time-matched control point of a no-collision driving-scene trial
1668.624000	0.000000	8.343220e+04	no_crash_start	no_collision	Event, Experiment-structure, Description/Start of a no-collision driving-scene trial
1675.680000	0.000000	83785	no_tire_pop	no_collision	Event, Sensory-event, Visual-presentation, Virtual-world, Description/Time-matched control point of a no-collision driving-scene trial
1681.680000	0.000000	84085	no_crash_start	no_collision	Event, Experiment-structure, Description/Start of a no-collision driving-scene trial
1688.688000	0.000000	8.443540e+04	no_tire_pop	no_collision	Event, Sensory-event, Visual-presentation, Virtual-world, Description/Time-matched control point of a no-collision driving-scene trial
1694.688000	0.000000	8.473540e+04	crash_start	collision	Event, Sensory-event, Environmental-sound, Description/Tire-blowout-sound, Visual-presentation, Virtual-world, Description/Collision-driving-scene
1701.696000	0.000000	8.508580e+04	tire_pop	collision	Event, Sensory-event, Environmental-sound, Description/Tire-blowout-sound, Visual-presentation, Virtual-world, Description/Collision-driving-scene
1705.200000	0.000000	85261	crash_start	collision	Event, Sensory-event, Environmental-sound, Description/Tire-blowout-sound, Visual-presentation, Virtual-world, Description/Collision-driving-scene
1712.208000	0.000000	8.561140e+04	tire_pop	collision	Event, Sensory-event, Environmental-sound, Description/Tire-blowout-sound, Visual-presentation, Virtual-world, Description/Collision-driving-scene
1715.712000	0.000000	8.578660e+04	no_crash_start	no_collision	Event, Experiment-structure, Description/Start of a no-collision driving-scene trial
1722.720000	0.000000	86137	no_tire_pop	no_collision	Event, Sensory-event, Visual-presentation, Virtual-world, Description/Time-matched control point of a no-collision driving-scene trial
1728.720000	0.000000	86437	no_crash_start	no_collision	Event, Experiment-structure, Description/Start of a no-collision driving-scene trial
1735.728000	0.000000	8.678740e+04	no_tire_pop	no_collision	Event, Sensory-event, Visual-presentation, Virtual-world, Description/Time-matched control point of a no-collision driving-scene trial
1741.728000	0.000000	8.708740e+04	no_crash_start	no_collision	Event, Experiment-structure, Description/Start of a no-collision driving-scene trial
1748.736000	0.000000	8.743780e+04	no_tire_pop	no_collision	Event, Sensory-event, Visual-presentation, Virtual-world, Description/Time-matched control point of a no-collision driving-scene trial
1754.736000	0.000000	8.773780e+04	no_crash_start	no_collision	Event, Experiment-structure, Description/Start of a no-collision driving-scene trial
1761.744000	0.000000	8.808820e+04	no_tire_pop	no_collision	Event, Sensory-event, Visual-presentation, Virtual-world, Description/Time-matched control point of a no-collision driving-scene trial
1767.744000	0.000000	8.838820e+04	crash_start	collision	Event, Sensory-event, Environmental-sound, Description/Tire-blowout-sound, Visual-presentation, Virtual-world, Description/Collision-driving-scene
1774.752000	0.000000	8.873860e+04	tire_pop	collision	Event, Sensory-event, Environmental-sound, Description/Tire-blowout-sound, Visual-presentation, Virtual-world, Description/Collision-driving-scene
